{
	"credit": "Made with Blockbench",
	"texture_size": [32, 32],
	"textures": {
		"0": "irons_spellbooks:item/diamond_spell_book",
		"particle": "irons_spellbooks:item/diamond_spell_book"
	},
	"elements": [
		{
			"name": "book cover",
			"from": [11, 0, 5],
			"to": [11.2, 10, 11],
			"faces": {
				"north": {"uv": [6.5, 10.5, 6.75, 15.5], "texture": "#0"},
				"east": {"uv": [3, 0, 0, 5], "texture": "#0"},
				"south": {"uv": [7, 10.5, 7.25, 15.5], "texture": "#0"},
				"west": {"uv": [6, 0, 3, 5], "texture": "#0"},
				"up": {"uv": [10.25, 14, 10, 11], "texture": "#0"},
				"down": {"uv": [10.75, 11, 10.5, 14], "texture": "#0"}
			}
		},
		{
			"name": "book cover",
			"from": [8, 0, 5],
			"to": [8.2, 10, 11],
			"faces": {
				"north": {"uv": [10.5, 3, 10.75, 8], "texture": "#0"},
				"east": {"uv": [3, 0, 6, 5], "texture": "#0"},
				"south": {"uv": [6, 10.5, 6.25, 15.5], "texture": "#0"},
				"west": {"uv": [0, 0, 3, 5], "texture": "#0"},
				"up": {"uv": [9.25, 14, 9, 11], "texture": "#0"},
				"down": {"uv": [9.75, 11, 9.5, 14], "texture": "#0"}
			}
		},
		{
			"name": "mid",
			"from": [8.2, 0, 5],
			"to": [11, 10, 5.3],
			"faces": {
				"north": {"uv": [6.25, 0.25, 7.75, 5.25], "texture": "#0"},
				"east": {"uv": [7.75, 0.25, 8, 5.25], "texture": "#0"},
				"south": {"uv": [6.25, 0.25, 7.75, 5.25], "texture": "#0"},
				"west": {"uv": [6, 0.25, 6.25, 5.25], "texture": "#0"},
				"up": {"uv": [7.75, 5.5, 6.25, 5.25], "texture": "#0"},
				"down": {"uv": [7.75, 0, 6.25, 0.25], "texture": "#0"}
			}
		},
		{
			"name": "paper",
			"from": [8.2, 0.2, 5.3],
			"to": [11, 9.8, 10.8],
			"faces": {
				"north": {"uv": [0, 9.75, 1.5, 14.5], "texture": "#0"},
				"east": {"uv": [0, 5, 2.75, 9.75], "texture": "#0"},
				"south": {"uv": [0, 9.75, 1.5, 14.5], "texture": "#0"},
				"west": {"uv": [0, 5, 2.75, 9.75], "texture": "#0"},
				"up": {"uv": [3, 12.5, 1.5, 9.75], "texture": "#0"},
				"down": {"uv": [3, 9.75, 1.5, 12.5], "texture": "#0"}
			}
		},
		{
			"from": [7.8, 8.3, 5],
			"to": [8, 9.3, 11],
			"faces": {
				"north": {"uv": [13, 6.25, 13.25, 6.75], "texture": "#0"},
				"east": {"uv": [10.5, 1, 13.5, 1.5], "texture": "#0"},
				"south": {"uv": [13, 6.25, 13.25, 6.75], "texture": "#0"},
				"west": {"uv": [10.5, 1, 13.5, 1.5], "texture": "#0"},
				"up": {"uv": [11.75, 14, 11.5, 11], "texture": "#0"},
				"down": {"uv": [12.25, 4, 12, 7], "texture": "#0"}
			}
		},
		{
			"from": [7.8, 1.4, 5],
			"to": [8, 2.4, 11],
			"faces": {
				"north": {"uv": [13, 6.5, 13.25, 7], "texture": "#0"},
				"east": {"uv": [10.5, 2, 13.5, 2.5], "texture": "#0"},
				"south": {"uv": [13, 6.25, 13.25, 6.75], "texture": "#0"},
				"west": {"uv": [10.5, 2, 13.5, 2.5], "texture": "#0"},
				"up": {"uv": [11.25, 7, 11, 4], "texture": "#0"},
				"down": {"uv": [11.75, 11, 11.5, 14], "texture": "#0"}
			}
		},
		{
			"from": [11.3, 8.3, 5],
			"to": [11.5, 9.3, 11],
			"faces": {
				"north": {"uv": [5.5, 13, 5.75, 13.5], "texture": "#0"},
				"east": {"uv": [10.5, 1, 13.5, 1.5], "texture": "#0"},
				"south": {"uv": [13, 5.5, 13.25, 6], "texture": "#0"},
				"west": {"uv": [10.5, 1, 13.5, 1.5], "texture": "#0"},
				"up": {"uv": [11.75, 14, 11.5, 11], "texture": "#0"},
				"down": {"uv": [12.25, 4, 12, 7], "texture": "#0"}
			}
		},
		{
			"from": [11.3, 1.4, 5],
			"to": [11.5, 2.4, 11],
			"faces": {
				"north": {"uv": [13, 6, 13.25, 6.5], "texture": "#0"},
				"east": {"uv": [10.5, 2, 13.5, 2.5], "texture": "#0"},
				"south": {"uv": [13, 6.5, 13.25, 7], "texture": "#0"},
				"west": {"uv": [10.5, 2, 13.5, 2.5], "texture": "#0"},
				"up": {"uv": [12.25, 14, 12, 11], "texture": "#0"},
				"down": {"uv": [12.75, 4, 12.5, 7], "texture": "#0"}
			}
		},
		{
			"from": [7.8, 8.3, 4.8],
			"to": [11.5, 9.3, 5],
			"faces": {
				"north": {"uv": [10.5, 8, 12.25, 8.5], "texture": "#0"},
				"east": {"uv": [3.5, 13, 3.75, 13.5], "texture": "#0"},
				"south": {"uv": [10.5, 8, 12.25, 8.5], "texture": "#0"},
				"west": {"uv": [13, 3.5, 13.25, 4], "texture": "#0"},
				"up": {"uv": [12.75, 7.25, 11, 7], "texture": "#0"},
				"down": {"uv": [12.75, 7.5, 11, 7.75], "texture": "#0"}
			}
		},
		{
			"from": [7.8, 1.4, 4.8],
			"to": [11.5, 2.4, 5],
			"faces": {
				"north": {"uv": [10.5, 8.5, 12.25, 9], "texture": "#0"},
				"east": {"uv": [4, 13, 4.25, 13.5], "texture": "#0"},
				"south": {"uv": [10.5, 8.5, 12.25, 9], "texture": "#0"},
				"west": {"uv": [13, 4, 13.25, 4.5], "texture": "#0"},
				"up": {"uv": [13.75, 10.25, 12, 10], "texture": "#0"},
				"down": {"uv": [14.25, 8, 12.5, 8.25], "texture": "#0"}
			}
		},
		{
			"from": [7.8, 8.3, 11],
			"to": [11.5, 9.3, 11.2],
			"faces": {
				"north": {"uv": [10.5, 8, 12.25, 8.5], "texture": "#0"},
				"east": {"uv": [4.5, 13, 4.75, 13.5], "texture": "#0"},
				"south": {"uv": [10.5, 8, 12.25, 8.5], "texture": "#0"},
				"west": {"uv": [13, 4.5, 13.25, 5], "texture": "#0"},
				"up": {"uv": [12.75, 7.25, 11, 7], "texture": "#0"},
				"down": {"uv": [12.75, 7, 11, 7.25], "texture": "#0"}
			}
		},
		{
			"from": [7.8, 1.4, 11],
			"to": [11.5, 2.4, 11.2],
			"faces": {
				"north": {"uv": [10.5, 8.5, 12.25, 9], "texture": "#0"},
				"east": {"uv": [5, 13, 5.25, 13.5], "texture": "#0"},
				"south": {"uv": [10.5, 8.5, 12.25, 9], "texture": "#0"},
				"west": {"uv": [13, 5, 13.25, 5.5], "texture": "#0"},
				"up": {"uv": [13.75, 10.25, 12, 10], "texture": "#0"},
				"down": {"uv": [14.25, 8, 12.5, 8.25], "texture": "#0"}
			}
		}
	],
	"display": {
		"thirdperson_righthand": {
			"rotation": [0, -180, 0],
			"translation": [1.75, 1.25, -0.75]
		},
		"thirdperson_lefthand": {
			"rotation": [0, 180, 0],
			"translation": [-1.75, 1.25, -0.75]
		},
		"firstperson_righthand": {
			"rotation": [0, 40, 0],
			"translation": [0, 5.75, 0]
		},
		"firstperson_lefthand": {
			"rotation": [0, 40, 0],
			"translation": [0, 5, 0]
		},
		"ground": {
			"rotation": [85, -50, 85],
			"translation": [0, 4, 0]
		},
		"gui": {
			"rotation": [-90, 130, 90],
			"translation": [2.5, 3, 0],
			"scale": [1.2, 1.2, 1.2]
		},
		"head": {
			"rotation": [90, 90, 90],
			"translation": [0.25, 8.5, -1.5]
		},
		"fixed": {
			"rotation": [85, -50, 85],
			"translation": [-3.25, 3.5, -1.5],
			"scale": [1.5, 1.5, 1.5]
		}
	},
	"groups": [
		0,
		1,
		2,
		3,
		{
			"name": "belt-right",
			"origin": [0, 0, 0],
			"color": 0,
			"children": [
				4,
				{
					"name": "belt-right",
					"origin": [0, 0, 0],
					"color": 0,
					"children": [5]
				},
				{
					"name": "belt-left",
					"origin": [0, 0, 0],
					"color": 0,
					"children": [
						6,
						{
							"name": "belt-right",
							"origin": [0, 0, 0],
							"color": 0,
							"children": [7]
						}
					]
				}
			]
		},
		{
			"name": "belt-back",
			"origin": [0, 0, 0],
			"color": 0,
			"children": [
				8,
				{
					"name": "belt-back",
					"origin": [0, 0, 0],
					"color": 0,
					"children": [9]
				},
				{
					"name": "belt-back",
					"origin": [0, 0, 0],
					"color": 0,
					"children": [
						10,
						{
							"name": "belt-back",
							"origin": [0, 0, 0],
							"color": 0,
							"children": [11]
						}
					]
				}
			]
		}
	]
}