{
	"credit": "Made with Blockbench",
	"texture_size": [32, 32],
	"textures": {
		"4": "irons_spellbooks:item/iron_spell_book"
	},
	"elements": [
		{
			"name": "book cover",
			"from": [10, 0, 5],
			"to": [10.2, 10, 11],
			"faces": {
				"north": {"uv": [3, 10, 3.25, 15], "texture": "#4"},
				"east": {"uv": [0, 0, 3, 5], "texture": "#4"},
				"south": {"uv": [3.5, 10, 3.75, 15], "texture": "#4"},
				"west": {"uv": [3, 0, 6, 5], "texture": "#4"},
				"up": {"uv": [5.75, 13, 5.5, 10], "texture": "#4"},
				"down": {"uv": [5.75, 10, 5.5, 13], "texture": "#4"}
			}
		},
		{
			"name": "book cover",
			"from": [8, 0, 5],
			"to": [8.2, 10, 11],
			"faces": {
				"north": {"uv": [3, 10, 3.25, 15], "texture": "#4"},
				"east": {"uv": [3, 0, 6, 5], "texture": "#4"},
				"south": {"uv": [3.5, 10, 3.75, 15], "texture": "#4"},
				"west": {"uv": [0, 5, 3, 10], "texture": "#4"},
				"up": {"uv": [5.75, 13, 5.5, 10], "texture": "#4"},
				"down": {"uv": [5.5, 10, 5.75, 13], "texture": "#4"}
			}
		},
		{
			"name": "mid",
			"from": [8.2, 0, 5],
			"to": [10, 10, 5.3],
			"faces": {
				"north": {"uv": [9, 5, 10, 10], "texture": "#4"},
				"east": {"uv": [10, 5, 10.25, 10], "texture": "#4"},
				"south": {"uv": [9, 5, 10, 10], "texture": "#4"},
				"west": {"uv": [10, 5, 10.25, 10], "texture": "#4"},
				"up": {"uv": [11.5, 6.25, 10.5, 6], "texture": "#4"},
				"down": {"uv": [11.5, 6, 10.5, 6.25], "texture": "#4"}
			}
		},
		{
			"name": "paper",
			"from": [8.2, 0.2, 5.3],
			"to": [10, 9.8, 10.8],
			"faces": {
				"north": {"uv": [10, 0, 11, 4.75], "texture": "#4"},
				"east": {"uv": [6, 0, 8.75, 4.75], "texture": "#4"},
				"south": {"uv": [10, 0, 11, 4.75], "texture": "#4"},
				"west": {"uv": [6, 0, 8.75, 4.75], "texture": "#4"},
				"up": {"uv": [10, 2.75, 9, 0], "texture": "#4"},
				"down": {"uv": [10, 0, 9, 2.75], "texture": "#4"}
			}
		},
		{
			"name": "chain-1",
			"from": [7.5, 7.5, 5],
			"to": [8, 8, 7],
			"faces": {
				"north": {"uv": [12.5, 2, 12.75, 2.25], "texture": "#4"},
				"east": {"uv": [10.5, 7, 11.5, 7.25], "texture": "#4"},
				"south": {"uv": [12.5, 2.5, 12.75, 2.75], "texture": "#4"},
				"west": {"uv": [10.5, 7.5, 11.5, 7.75], "texture": "#4"},
				"up": {"uv": [10.75, 9, 10.5, 8], "texture": "#4"},
				"down": {"uv": [10.75, 9, 10.5, 10], "texture": "#4"}
			}
		},
		{
			"name": "chain-2",
			"from": [7.5, 7, 5],
			"to": [8, 7.5, 5.5],
			"faces": {
				"north": {"uv": [12.5, 3, 12.75, 3.25], "texture": "#4"},
				"east": {"uv": [12.5, 3.5, 12.75, 3.75], "texture": "#4"},
				"south": {"uv": [12.5, 4, 12.75, 4.25], "texture": "#4"},
				"west": {"uv": [12.5, 4.5, 12.75, 4.75], "texture": "#4"},
				"up": {"uv": [12.75, 5.25, 12.5, 5], "texture": "#4"},
				"down": {"uv": [12.75, 5.5, 12.5, 5.75], "texture": "#4"}
			}
		},
		{
			"name": "chain-3",
			"from": [7.5, 7, 6.5],
			"to": [8, 7.5, 8.5],
			"faces": {
				"north": {"uv": [12.5, 6, 12.75, 6.25], "texture": "#4"},
				"east": {"uv": [10.5, 10, 11.5, 10.25], "texture": "#4"},
				"south": {"uv": [12.5, 6.5, 12.75, 6.75], "texture": "#4"},
				"west": {"uv": [10.5, 10.5, 11.5, 10.75], "texture": "#4"},
				"up": {"uv": [11.25, 1, 11, 0], "texture": "#4"},
				"down": {"uv": [11.25, 1, 11, 2], "texture": "#4"}
			}
		},
		{
			"name": "chain-3",
			"from": [7.5, 7, 9.5],
			"to": [8, 7.5, 11],
			"faces": {
				"north": {"uv": [12.5, 8.5, 12.75, 8.75], "texture": "#4"},
				"east": {"uv": [11.5, 4.5, 12.25, 4.75], "texture": "#4"},
				"south": {"uv": [9, 12.5, 9.25, 12.75], "texture": "#4"},
				"west": {"uv": [11.5, 5, 12.25, 5.25], "texture": "#4"},
				"up": {"uv": [11.75, 6.25, 11.5, 5.5], "texture": "#4"},
				"down": {"uv": [11.75, 6.5, 11.5, 7.25], "texture": "#4"}
			}
		},
		{
			"name": "chain-4",
			"from": [7.5, 6.5, 8],
			"to": [8, 7, 10],
			"faces": {
				"north": {"uv": [12.5, 7, 12.75, 7.25], "texture": "#4"},
				"east": {"uv": [11, 2, 12, 2.25], "texture": "#4"},
				"south": {"uv": [7.5, 12.5, 7.75, 12.75], "texture": "#4"},
				"west": {"uv": [11, 2.5, 12, 2.75], "texture": "#4"},
				"up": {"uv": [11.25, 4, 11, 3], "texture": "#4"},
				"down": {"uv": [11.25, 4, 11, 5], "texture": "#4"}
			}
		},
		{
			"name": "chain-5",
			"from": [7.5, 7.5, 8],
			"to": [8, 8, 10],
			"faces": {
				"north": {"uv": [12.5, 7.5, 12.75, 7.75], "texture": "#4"},
				"east": {"uv": [7.5, 11, 8.5, 11.25], "texture": "#4"},
				"south": {"uv": [8, 12.5, 8.25, 12.75], "texture": "#4"},
				"west": {"uv": [11, 8, 12, 8.25], "texture": "#4"},
				"up": {"uv": [8.75, 12, 8.5, 11], "texture": "#4"},
				"down": {"uv": [11.25, 8.5, 11, 9.5], "texture": "#4"}
			}
		},
		{
			"name": "chain-6",
			"from": [7.5, 6.5, 5],
			"to": [8, 7, 7],
			"faces": {
				"north": {"uv": [12.5, 8, 12.75, 8.25], "texture": "#4"},
				"east": {"uv": [9, 11, 10, 11.25], "texture": "#4"},
				"south": {"uv": [8.5, 12.5, 8.75, 12.75], "texture": "#4"},
				"west": {"uv": [11, 9.5, 12, 9.75], "texture": "#4"},
				"up": {"uv": [10.25, 12, 10, 11], "texture": "#4"},
				"down": {"uv": [10.75, 11, 10.5, 12], "texture": "#4"}
			}
		},
		{
			"name": "chain-1",
			"from": [7.5, 7.5, 5],
			"to": [8, 8, 7],
			"faces": {
				"north": {"uv": [12.5, 2, 12.75, 2.25], "texture": "#4"},
				"east": {"uv": [10.5, 7, 11.5, 7.25], "texture": "#4"},
				"south": {"uv": [12.5, 2.5, 12.75, 2.75], "texture": "#4"},
				"west": {"uv": [10.5, 7.5, 11.5, 7.75], "texture": "#4"},
				"up": {"uv": [10.75, 9, 10.5, 8], "texture": "#4"},
				"down": {"uv": [10.75, 9, 10.5, 10], "texture": "#4"}
			}
		},
		{
			"name": "chain-2",
			"from": [7.5, 7, 5],
			"to": [8, 7.5, 5.5],
			"faces": {
				"north": {"uv": [12.5, 3, 12.75, 3.25], "texture": "#4"},
				"east": {"uv": [12.5, 3.5, 12.75, 3.75], "texture": "#4"},
				"south": {"uv": [12.5, 4, 12.75, 4.25], "texture": "#4"},
				"west": {"uv": [12.5, 4.5, 12.75, 4.75], "texture": "#4"},
				"up": {"uv": [12.75, 5.25, 12.5, 5], "texture": "#4"},
				"down": {"uv": [12.75, 5.5, 12.5, 5.75], "texture": "#4"}
			}
		},
		{
			"name": "chain-3",
			"from": [7.5, 7, 6.5],
			"to": [8, 7.5, 8.5],
			"faces": {
				"north": {"uv": [12.5, 6, 12.75, 6.25], "texture": "#4"},
				"east": {"uv": [10.5, 10, 11.5, 10.25], "texture": "#4"},
				"south": {"uv": [12.5, 6.5, 12.75, 6.75], "texture": "#4"},
				"west": {"uv": [10.5, 10.5, 11.5, 10.75], "texture": "#4"},
				"up": {"uv": [11.25, 1, 11, 0], "texture": "#4"},
				"down": {"uv": [11.25, 1, 11, 2], "texture": "#4"}
			}
		},
		{
			"name": "chain-3",
			"from": [7.5, 7, 9.5],
			"to": [8, 7.5, 11],
			"faces": {
				"north": {"uv": [12.5, 8.5, 12.75, 8.75], "texture": "#4"},
				"east": {"uv": [11.5, 4.5, 12.25, 4.75], "texture": "#4"},
				"south": {"uv": [9, 12.5, 9.25, 12.75], "texture": "#4"},
				"west": {"uv": [11.5, 5, 12.25, 5.25], "texture": "#4"},
				"up": {"uv": [11.75, 6.25, 11.5, 5.5], "texture": "#4"},
				"down": {"uv": [11.75, 6.5, 11.5, 7.25], "texture": "#4"}
			}
		},
		{
			"name": "chain-4",
			"from": [7.5, 6.5, 8],
			"to": [8, 7, 10],
			"faces": {
				"north": {"uv": [12.5, 7, 12.75, 7.25], "texture": "#4"},
				"east": {"uv": [11, 2, 12, 2.25], "texture": "#4"},
				"south": {"uv": [7.5, 12.5, 7.75, 12.75], "texture": "#4"},
				"west": {"uv": [11, 2.5, 12, 2.75], "texture": "#4"},
				"up": {"uv": [11.25, 4, 11, 3], "texture": "#4"},
				"down": {"uv": [11.25, 4, 11, 5], "texture": "#4"}
			}
		},
		{
			"name": "chain-5",
			"from": [7.5, 7.5, 8],
			"to": [8, 8, 10],
			"faces": {
				"north": {"uv": [12.5, 7.5, 12.75, 7.75], "texture": "#4"},
				"east": {"uv": [7.5, 11, 8.5, 11.25], "texture": "#4"},
				"south": {"uv": [8, 12.5, 8.25, 12.75], "texture": "#4"},
				"west": {"uv": [11, 8, 12, 8.25], "texture": "#4"},
				"up": {"uv": [8.75, 12, 8.5, 11], "texture": "#4"},
				"down": {"uv": [11.25, 8.5, 11, 9.5], "texture": "#4"}
			}
		},
		{
			"name": "chain-6",
			"from": [7.5, 6.5, 5],
			"to": [8, 7, 7],
			"faces": {
				"north": {"uv": [12.5, 8, 12.75, 8.25], "texture": "#4"},
				"east": {"uv": [9, 11, 10, 11.25], "texture": "#4"},
				"south": {"uv": [8.5, 12.5, 8.75, 12.75], "texture": "#4"},
				"west": {"uv": [11, 9.5, 12, 9.75], "texture": "#4"},
				"up": {"uv": [10.25, 12, 10, 11], "texture": "#4"},
				"down": {"uv": [10.75, 11, 10.5, 12], "texture": "#4"}
			}
		},
		{
			"name": "chain-1",
			"from": [7.5, 3.5, 5],
			"to": [8, 4, 7],
			"faces": {
				"north": {"uv": [12.5, 2, 12.75, 2.25], "texture": "#4"},
				"east": {"uv": [10.5, 7, 11.5, 7.25], "texture": "#4"},
				"south": {"uv": [12.5, 2.5, 12.75, 2.75], "texture": "#4"},
				"west": {"uv": [10.5, 7.5, 11.5, 7.75], "texture": "#4"},
				"up": {"uv": [10.75, 9, 10.5, 8], "texture": "#4"},
				"down": {"uv": [10.75, 9, 10.5, 10], "texture": "#4"}
			}
		},
		{
			"name": "chain-2",
			"from": [7.5, 3, 5],
			"to": [8, 3.5, 5.5],
			"faces": {
				"north": {"uv": [12.5, 3, 12.75, 3.25], "texture": "#4"},
				"east": {"uv": [12.5, 3.5, 12.75, 3.75], "texture": "#4"},
				"south": {"uv": [12.5, 4, 12.75, 4.25], "texture": "#4"},
				"west": {"uv": [12.5, 4.5, 12.75, 4.75], "texture": "#4"},
				"up": {"uv": [12.75, 5.25, 12.5, 5], "texture": "#4"},
				"down": {"uv": [12.75, 5.5, 12.5, 5.75], "texture": "#4"}
			}
		},
		{
			"name": "chain-3",
			"from": [7.5, 3, 6.5],
			"to": [8, 3.5, 8.5],
			"faces": {
				"north": {"uv": [12.5, 6, 12.75, 6.25], "texture": "#4"},
				"east": {"uv": [10.5, 10, 11.5, 10.25], "texture": "#4"},
				"south": {"uv": [12.5, 6.5, 12.75, 6.75], "texture": "#4"},
				"west": {"uv": [10.5, 10.5, 11.5, 10.75], "texture": "#4"},
				"up": {"uv": [11.25, 1, 11, 0], "texture": "#4"},
				"down": {"uv": [11.25, 1, 11, 2], "texture": "#4"}
			}
		},
		{
			"name": "chain-3",
			"from": [7.5, 3, 9.5],
			"to": [8, 3.5, 11],
			"faces": {
				"north": {"uv": [12.5, 8.5, 12.75, 8.75], "texture": "#4"},
				"east": {"uv": [11.5, 4.5, 12.25, 4.75], "texture": "#4"},
				"south": {"uv": [9, 12.5, 9.25, 12.75], "texture": "#4"},
				"west": {"uv": [11.5, 5, 12.25, 5.25], "texture": "#4"},
				"up": {"uv": [11.75, 6.25, 11.5, 5.5], "texture": "#4"},
				"down": {"uv": [11.75, 6.5, 11.5, 7.25], "texture": "#4"}
			}
		},
		{
			"name": "chain-4",
			"from": [7.5, 2.5, 8],
			"to": [8, 3, 10],
			"faces": {
				"north": {"uv": [12.5, 7, 12.75, 7.25], "texture": "#4"},
				"east": {"uv": [11, 2, 12, 2.25], "texture": "#4"},
				"south": {"uv": [7.5, 12.5, 7.75, 12.75], "texture": "#4"},
				"west": {"uv": [11, 2.5, 12, 2.75], "texture": "#4"},
				"up": {"uv": [11.25, 4, 11, 3], "texture": "#4"},
				"down": {"uv": [11.25, 4, 11, 5], "texture": "#4"}
			}
		},
		{
			"name": "chain-5",
			"from": [7.5, 3.5, 8],
			"to": [8, 4, 10],
			"faces": {
				"north": {"uv": [12.5, 7.5, 12.75, 7.75], "texture": "#4"},
				"east": {"uv": [7.5, 11, 8.5, 11.25], "texture": "#4"},
				"south": {"uv": [8, 12.5, 8.25, 12.75], "texture": "#4"},
				"west": {"uv": [11, 8, 12, 8.25], "texture": "#4"},
				"up": {"uv": [8.75, 12, 8.5, 11], "texture": "#4"},
				"down": {"uv": [11.25, 8.5, 11, 9.5], "texture": "#4"}
			}
		},
		{
			"name": "chain-6",
			"from": [7.5, 2.5, 5],
			"to": [8, 3, 7],
			"faces": {
				"north": {"uv": [12.5, 8, 12.75, 8.25], "texture": "#4"},
				"east": {"uv": [9, 11, 10, 11.25], "texture": "#4"},
				"south": {"uv": [8.5, 12.5, 8.75, 12.75], "texture": "#4"},
				"west": {"uv": [11, 9.5, 12, 9.75], "texture": "#4"},
				"up": {"uv": [10.25, 12, 10, 11], "texture": "#4"},
				"down": {"uv": [10.75, 11, 10.5, 12], "texture": "#4"}
			}
		},
		{
			"name": "chain-1",
			"from": [10.2, 3, 5],
			"to": [10.7, 3.5, 7],
			"faces": {
				"north": {"uv": [12.5, 2, 12.75, 2.25], "rotation": 180, "texture": "#4"},
				"east": {"uv": [10.5, 7.5, 11.5, 7.75], "rotation": 180, "texture": "#4"},
				"south": {"uv": [12.5, 2.5, 12.75, 2.75], "rotation": 180, "texture": "#4"},
				"west": {"uv": [10.5, 7, 11.5, 7.25], "rotation": 180, "texture": "#4"},
				"up": {"uv": [10.75, 9, 10.5, 10], "rotation": 180, "texture": "#4"},
				"down": {"uv": [10.75, 9, 10.5, 8], "rotation": 180, "texture": "#4"}
			}
		},
		{
			"name": "chain-2",
			"from": [10.2, 3.5, 5],
			"to": [10.7, 4, 5.5],
			"faces": {
				"north": {"uv": [12.5, 3, 12.75, 3.25], "rotation": 180, "texture": "#4"},
				"east": {"uv": [12.5, 4.5, 12.75, 4.75], "rotation": 180, "texture": "#4"},
				"south": {"uv": [12.5, 4, 12.75, 4.25], "rotation": 180, "texture": "#4"},
				"west": {"uv": [12.5, 3.5, 12.75, 3.75], "rotation": 180, "texture": "#4"},
				"up": {"uv": [12.75, 5.5, 12.5, 5.75], "rotation": 180, "texture": "#4"},
				"down": {"uv": [12.75, 5.25, 12.5, 5], "rotation": 180, "texture": "#4"}
			}
		},
		{
			"name": "chain-3",
			"from": [10.2, 3.5, 6.5],
			"to": [10.7, 4, 8.5],
			"faces": {
				"north": {"uv": [12.5, 6, 12.75, 6.25], "rotation": 180, "texture": "#4"},
				"east": {"uv": [10.5, 10.5, 11.5, 10.75], "rotation": 180, "texture": "#4"},
				"south": {"uv": [12.5, 6.5, 12.75, 6.75], "rotation": 180, "texture": "#4"},
				"west": {"uv": [10.5, 10, 11.5, 10.25], "rotation": 180, "texture": "#4"},
				"up": {"uv": [11.25, 1, 11, 2], "rotation": 180, "texture": "#4"},
				"down": {"uv": [11.25, 1, 11, 0], "rotation": 180, "texture": "#4"}
			}
		},
		{
			"name": "chain-3",
			"from": [10.2, 7, 7.5],
			"to": [10.7, 7.5, 9],
			"rotation": {"angle": 22.5, "axis": "x", "origin": [0, 0, 0]},
			"faces": {
				"north": {"uv": [12.5, 8.5, 12.75, 8.75], "rotation": 180, "texture": "#4"},
				"east": {"uv": [11.5, 5, 12.25, 5.25], "rotation": 180, "texture": "#4"},
				"south": {"uv": [9, 12.5, 9.25, 12.75], "rotation": 180, "texture": "#4"},
				"west": {"uv": [11.5, 4.5, 12.25, 4.75], "rotation": 180, "texture": "#4"},
				"up": {"uv": [11.75, 6.5, 11.5, 7.25], "rotation": 180, "texture": "#4"},
				"down": {"uv": [11.75, 6.25, 11.5, 5.5], "rotation": 180, "texture": "#4"}
			}
		},
		{
			"name": "chain-4",
			"from": [10.2, 4, 8],
			"to": [10.7, 4.5, 10],
			"faces": {
				"north": {"uv": [12.5, 7, 12.75, 7.25], "rotation": 180, "texture": "#4"},
				"east": {"uv": [11, 2.5, 12, 2.75], "rotation": 180, "texture": "#4"},
				"south": {"uv": [7.5, 12.5, 7.75, 12.75], "rotation": 180, "texture": "#4"},
				"west": {"uv": [11, 2, 12, 2.25], "rotation": 180, "texture": "#4"},
				"up": {"uv": [11.25, 4, 11, 5], "rotation": 180, "texture": "#4"},
				"down": {"uv": [11.25, 4, 11, 3], "rotation": 180, "texture": "#4"}
			}
		},
		{
			"name": "chain-5",
			"from": [10.2, 3, 8],
			"to": [10.7, 3.5, 10],
			"faces": {
				"north": {"uv": [12.5, 7.5, 12.75, 7.75], "rotation": 180, "texture": "#4"},
				"east": {"uv": [11, 8, 12, 8.25], "rotation": 180, "texture": "#4"},
				"south": {"uv": [8, 12.5, 8.25, 12.75], "rotation": 180, "texture": "#4"},
				"west": {"uv": [7.5, 11, 8.5, 11.25], "rotation": 180, "texture": "#4"},
				"up": {"uv": [11.25, 8.5, 11, 9.5], "rotation": 180, "texture": "#4"},
				"down": {"uv": [8.75, 12, 8.5, 11], "rotation": 180, "texture": "#4"}
			}
		},
		{
			"name": "chain-6",
			"from": [10.2, 4, 5],
			"to": [10.7, 4.5, 7],
			"faces": {
				"north": {"uv": [12.5, 8, 12.75, 8.25], "rotation": 180, "texture": "#4"},
				"east": {"uv": [11, 9.5, 12, 9.75], "rotation": 180, "texture": "#4"},
				"south": {"uv": [8.5, 12.5, 8.75, 12.75], "rotation": 180, "texture": "#4"},
				"west": {"uv": [9, 11, 10, 11.25], "rotation": 180, "texture": "#4"},
				"up": {"uv": [10.75, 11, 10.5, 12], "rotation": 180, "texture": "#4"},
				"down": {"uv": [10.25, 12, 10, 11], "rotation": 180, "texture": "#4"}
			}
		},
		{
			"name": "chain-1",
			"from": [10.2, 6, 5],
			"to": [10.7, 6.5, 7],
			"rotation": {"angle": 0, "axis": "y", "origin": [0, 3, 0]},
			"faces": {
				"north": {"uv": [12.5, 2, 12.75, 2.25], "rotation": 180, "texture": "#4"},
				"east": {"uv": [10.5, 7.5, 11.5, 7.75], "rotation": 180, "texture": "#4"},
				"south": {"uv": [12.5, 2.5, 12.75, 2.75], "rotation": 180, "texture": "#4"},
				"west": {"uv": [10.5, 7, 11.5, 7.25], "rotation": 180, "texture": "#4"},
				"up": {"uv": [10.75, 9, 10.5, 10], "rotation": 180, "texture": "#4"},
				"down": {"uv": [10.75, 9, 10.5, 8], "rotation": 180, "texture": "#4"}
			}
		},
		{
			"name": "chain-2",
			"from": [10.2, 6.5, 5],
			"to": [10.7, 7, 5.5],
			"rotation": {"angle": 0, "axis": "y", "origin": [0, 3, 0]},
			"faces": {
				"north": {"uv": [12.5, 3, 12.75, 3.25], "rotation": 180, "texture": "#4"},
				"east": {"uv": [12.5, 4.5, 12.75, 4.75], "rotation": 180, "texture": "#4"},
				"south": {"uv": [12.5, 4, 12.75, 4.25], "rotation": 180, "texture": "#4"},
				"west": {"uv": [12.5, 3.5, 12.75, 3.75], "rotation": 180, "texture": "#4"},
				"up": {"uv": [12.75, 5.5, 12.5, 5.75], "rotation": 180, "texture": "#4"},
				"down": {"uv": [12.75, 5.25, 12.5, 5], "rotation": 180, "texture": "#4"}
			}
		},
		{
			"name": "chain-3",
			"from": [10.2, 6.5, 6.5],
			"to": [10.7, 7, 8.5],
			"rotation": {"angle": 0, "axis": "y", "origin": [0, 3, 0]},
			"faces": {
				"north": {"uv": [12.5, 6, 12.75, 6.25], "rotation": 180, "texture": "#4"},
				"east": {"uv": [10.5, 10.5, 11.5, 10.75], "rotation": 180, "texture": "#4"},
				"south": {"uv": [12.5, 6.5, 12.75, 6.75], "rotation": 180, "texture": "#4"},
				"west": {"uv": [10.5, 10, 11.5, 10.25], "rotation": 180, "texture": "#4"},
				"up": {"uv": [11.25, 1, 11, 2], "rotation": 180, "texture": "#4"},
				"down": {"uv": [11.25, 1, 11, 0], "rotation": 180, "texture": "#4"}
			}
		},
		{
			"name": "chain-3",
			"from": [10.2, 2.4, 10.4],
			"to": [10.7, 2.9, 11.9],
			"rotation": {"angle": -22.5, "axis": "x", "origin": [0, 3, 0]},
			"faces": {
				"north": {"uv": [12.5, 8.5, 12.75, 8.75], "rotation": 180, "texture": "#4"},
				"east": {"uv": [11.5, 5, 12.25, 5.25], "rotation": 180, "texture": "#4"},
				"south": {"uv": [9, 12.5, 9.25, 12.75], "rotation": 180, "texture": "#4"},
				"west": {"uv": [11.5, 4.5, 12.25, 4.75], "rotation": 180, "texture": "#4"},
				"up": {"uv": [11.75, 6.5, 11.5, 7.25], "rotation": 180, "texture": "#4"},
				"down": {"uv": [11.75, 6.25, 11.5, 5.5], "rotation": 180, "texture": "#4"}
			}
		},
		{
			"name": "chain-4",
			"from": [10.2, 7, 8],
			"to": [10.7, 7.5, 10],
			"rotation": {"angle": 0, "axis": "y", "origin": [0, 3, 0]},
			"faces": {
				"north": {"uv": [12.5, 7, 12.75, 7.25], "rotation": 180, "texture": "#4"},
				"east": {"uv": [11, 2.5, 12, 2.75], "rotation": 180, "texture": "#4"},
				"south": {"uv": [7.5, 12.5, 7.75, 12.75], "rotation": 180, "texture": "#4"},
				"west": {"uv": [11, 2, 12, 2.25], "rotation": 180, "texture": "#4"},
				"up": {"uv": [11.25, 4, 11, 5], "rotation": 180, "texture": "#4"},
				"down": {"uv": [11.25, 4, 11, 3], "rotation": 180, "texture": "#4"}
			}
		},
		{
			"name": "chain-5",
			"from": [10.2, 6, 8],
			"to": [10.7, 6.5, 10],
			"rotation": {"angle": 0, "axis": "y", "origin": [0, 3, 0]},
			"faces": {
				"north": {"uv": [12.5, 7.5, 12.75, 7.75], "rotation": 180, "texture": "#4"},
				"east": {"uv": [11, 8, 12, 8.25], "rotation": 180, "texture": "#4"},
				"south": {"uv": [8, 12.5, 8.25, 12.75], "rotation": 180, "texture": "#4"},
				"west": {"uv": [7.5, 11, 8.5, 11.25], "rotation": 180, "texture": "#4"},
				"up": {"uv": [11.25, 8.5, 11, 9.5], "rotation": 180, "texture": "#4"},
				"down": {"uv": [8.75, 12, 8.5, 11], "rotation": 180, "texture": "#4"}
			}
		},
		{
			"name": "chain-6",
			"from": [10.2, 7, 5],
			"to": [10.7, 7.5, 7],
			"rotation": {"angle": 0, "axis": "y", "origin": [0, 3, 0]},
			"faces": {
				"north": {"uv": [12.5, 8, 12.75, 8.25], "rotation": 180, "texture": "#4"},
				"east": {"uv": [11, 9.5, 12, 9.75], "rotation": 180, "texture": "#4"},
				"south": {"uv": [8.5, 12.5, 8.75, 12.75], "rotation": 180, "texture": "#4"},
				"west": {"uv": [9, 11, 10, 11.25], "rotation": 180, "texture": "#4"},
				"up": {"uv": [10.75, 11, 10.5, 12], "rotation": 180, "texture": "#4"},
				"down": {"uv": [10.25, 12, 10, 11], "rotation": 180, "texture": "#4"}
			}
		},
		{
			"name": "chain-3",
			"from": [6.2, 10.3, 4.5],
			"to": [7.2, 10.8, 5],
			"rotation": {"angle": -22.5, "axis": "z", "origin": [0, 0, 0]},
			"faces": {
				"north": {"uv": [12, 11, 12.5, 11.25], "texture": "#4"},
				"east": {"uv": [13, 5, 13.25, 5.25], "texture": "#4"},
				"south": {"uv": [11.5, 12, 12, 12.25], "texture": "#4"},
				"west": {"uv": [5.5, 13, 5.75, 13.25], "texture": "#4"},
				"up": {"uv": [12.5, 11.75, 12, 11.5], "texture": "#4"},
				"down": {"uv": [12.5, 12, 12, 12.25], "texture": "#4"}
			}
		},
		{
			"name": "chain-3",
			"from": [7.7, 7, 4.5],
			"to": [8.7, 7.5, 5],
			"faces": {
				"north": {"uv": [12.5, 0, 13, 0.25], "texture": "#4"},
				"east": {"uv": [13, 5.5, 13.25, 5.75], "texture": "#4"},
				"south": {"uv": [12.5, 0.5, 13, 0.75], "texture": "#4"},
				"west": {"uv": [6, 13, 6.25, 13.25], "texture": "#4"},
				"up": {"uv": [13, 1.25, 12.5, 1], "texture": "#4"},
				"down": {"uv": [13, 1.5, 12.5, 1.75], "texture": "#4"}
			}
		},
		{
			"name": "chain-4",
			"from": [8.1, 6.5, 4.5],
			"to": [10.1, 7, 5],
			"faces": {
				"north": {"uv": [11, 11, 12, 11.25], "texture": "#4"},
				"east": {"uv": [13, 6, 13.25, 6.25], "texture": "#4"},
				"south": {"uv": [11.5, 0, 12.5, 0.25], "texture": "#4"},
				"west": {"uv": [6.5, 13, 6.75, 13.25], "texture": "#4"},
				"up": {"uv": [12.5, 0.75, 11.5, 0.5], "texture": "#4"},
				"down": {"uv": [12.5, 1, 11.5, 1.25], "texture": "#4"}
			}
		},
		{
			"name": "chain-5",
			"from": [8.1, 7.5, 4.5],
			"to": [10.1, 8, 5],
			"faces": {
				"north": {"uv": [11.5, 1.5, 12.5, 1.75], "texture": "#4"},
				"east": {"uv": [13, 6.5, 13.25, 6.75], "texture": "#4"},
				"south": {"uv": [11.5, 3, 12.5, 3.25], "texture": "#4"},
				"west": {"uv": [7, 13, 7.25, 13.25], "texture": "#4"},
				"up": {"uv": [12.5, 3.75, 11.5, 3.5], "texture": "#4"},
				"down": {"uv": [12.5, 4, 11.5, 4.25], "texture": "#4"}
			}
		},
		{
			"name": "chain-3",
			"from": [10.3, -1, 4.5],
			"to": [11.3, -0.5, 5],
			"rotation": {"angle": 22.5, "axis": "z", "origin": [0, 0, 0]},
			"faces": {
				"north": {"uv": [12, 11, 12.5, 11.25], "texture": "#4"},
				"east": {"uv": [13, 5, 13.25, 5.25], "texture": "#4"},
				"south": {"uv": [11.5, 12, 12, 12.25], "texture": "#4"},
				"west": {"uv": [5.5, 13, 5.75, 13.25], "texture": "#4"},
				"up": {"uv": [12.5, 11.75, 12, 11.5], "texture": "#4"},
				"down": {"uv": [12.5, 12, 12, 12.25], "texture": "#4"}
			}
		},
		{
			"name": "chain-3",
			"from": [7.7, 3, 4.5],
			"to": [8.7, 3.5, 5],
			"faces": {
				"north": {"uv": [12.5, 0, 13, 0.25], "texture": "#4"},
				"east": {"uv": [13, 5.5, 13.25, 5.75], "texture": "#4"},
				"south": {"uv": [12.5, 0.5, 13, 0.75], "texture": "#4"},
				"west": {"uv": [6, 13, 6.25, 13.25], "texture": "#4"},
				"up": {"uv": [13, 1.25, 12.5, 1], "texture": "#4"},
				"down": {"uv": [13, 1.5, 12.5, 1.75], "texture": "#4"}
			}
		},
		{
			"name": "chain-4",
			"from": [8.1, 2.5, 4.5],
			"to": [10.1, 3, 5],
			"faces": {
				"north": {"uv": [11, 11, 12, 11.25], "texture": "#4"},
				"east": {"uv": [13, 6, 13.25, 6.25], "texture": "#4"},
				"south": {"uv": [11.5, 0, 12.5, 0.25], "texture": "#4"},
				"west": {"uv": [6.5, 13, 6.75, 13.25], "texture": "#4"},
				"up": {"uv": [12.5, 0.75, 11.5, 0.5], "texture": "#4"},
				"down": {"uv": [12.5, 1, 11.5, 1.25], "texture": "#4"}
			}
		},
		{
			"name": "chain-5",
			"from": [8.1, 3.5, 4.5],
			"to": [10.1, 4, 5],
			"faces": {
				"north": {"uv": [11.5, 1.5, 12.5, 1.75], "texture": "#4"},
				"east": {"uv": [13, 6.5, 13.25, 6.75], "texture": "#4"},
				"south": {"uv": [11.5, 3, 12.5, 3.25], "texture": "#4"},
				"west": {"uv": [7, 13, 7.25, 13.25], "texture": "#4"},
				"up": {"uv": [12.5, 3.75, 11.5, 3.5], "texture": "#4"},
				"down": {"uv": [12.5, 4, 11.5, 4.25], "texture": "#4"}
			}
		},
		{
			"name": "chain-3",
			"from": [11.5, 2.5, 11],
			"to": [12.5, 3, 11.5],
			"rotation": {"angle": 22.5, "axis": "z", "origin": [0, 0, 0]},
			"faces": {
				"north": {"uv": [7.5, 11.5, 8, 11.75], "texture": "#4"},
				"east": {"uv": [12.5, 9, 12.75, 9.25], "texture": "#4"},
				"south": {"uv": [11.5, 7.5, 12, 7.75], "texture": "#4"},
				"west": {"uv": [9.5, 12.5, 9.75, 12.75], "texture": "#4"},
				"up": {"uv": [8.5, 11.75, 8, 11.5], "texture": "#4"},
				"down": {"uv": [12, 8.5, 11.5, 8.75], "texture": "#4"}
			}
		},
		{
			"name": "chain-3",
			"from": [4.3, 9.5, 11],
			"to": [5.3, 10, 11.5],
			"rotation": {"angle": -22.5, "axis": "z", "origin": [0, 0, 0]},
			"faces": {
				"north": {"uv": [9, 11.5, 9.5, 11.75], "texture": "#4"},
				"east": {"uv": [12.5, 9.5, 12.75, 9.75], "texture": "#4"},
				"south": {"uv": [11.5, 9, 12, 9.25], "texture": "#4"},
				"west": {"uv": [10, 12.5, 10.25, 12.75], "texture": "#4"},
				"up": {"uv": [10, 11.75, 9.5, 11.5], "texture": "#4"},
				"down": {"uv": [12, 10, 11.5, 10.25], "texture": "#4"}
			}
		},
		{
			"name": "chain-3",
			"from": [10, -0.5, 11],
			"to": [11, 0, 11.5],
			"rotation": {"angle": 22.5, "axis": "z", "origin": [0, -4, 0]},
			"faces": {
				"north": {"uv": [11.5, 10.5, 12, 10.75], "texture": "#4"},
				"east": {"uv": [12.5, 10, 12.75, 10.25], "texture": "#4"},
				"south": {"uv": [11, 11.5, 11.5, 11.75], "texture": "#4"},
				"west": {"uv": [10.5, 12.5, 10.75, 12.75], "texture": "#4"},
				"up": {"uv": [12, 11.75, 11.5, 11.5], "texture": "#4"},
				"down": {"uv": [12.5, 2, 12, 2.25], "texture": "#4"}
			}
		},
		{
			"name": "chain-3",
			"from": [5.9, 6.5, 11],
			"to": [6.9, 7, 11.5],
			"rotation": {"angle": -22.5, "axis": "z", "origin": [0, -4, 0]},
			"faces": {
				"north": {"uv": [12, 2.5, 12.5, 2.75], "texture": "#4"},
				"east": {"uv": [12.5, 10.5, 12.75, 10.75], "texture": "#4"},
				"south": {"uv": [12, 5.5, 12.5, 5.75], "texture": "#4"},
				"west": {"uv": [11, 12.5, 11.25, 12.75], "texture": "#4"},
				"up": {"uv": [12.5, 6.25, 12, 6], "texture": "#4"},
				"down": {"uv": [12.5, 6.5, 12, 6.75], "texture": "#4"}
			}
		},
		{
			"name": "chain-3",
			"from": [8.8, 6.5, 11.2],
			"to": [9.4, 7, 11.7],
			"rotation": {"angle": 0, "axis": "y", "origin": [0, -4, 0]},
			"faces": {
				"north": {"uv": [12.5, 11, 12.75, 11.25], "texture": "#4"},
				"east": {"uv": [11.5, 12.5, 11.75, 12.75], "texture": "#4"},
				"south": {"uv": [12.5, 11.5, 12.75, 11.75], "texture": "#4"},
				"west": {"uv": [12, 12.5, 12.25, 12.75], "texture": "#4"},
				"up": {"uv": [12.75, 12.25, 12.5, 12], "texture": "#4"},
				"down": {"uv": [12.75, 12.5, 12.5, 12.75], "texture": "#4"}
			}
		},
		{
			"name": "chain-3",
			"from": [9.4, 3.4, 11.2],
			"to": [9.9, 4.2, 11.7],
			"rotation": {"angle": 0, "axis": "y", "origin": [0, -4, 0]},
			"faces": {
				"north": {"uv": [12, 10, 12.25, 10.5], "texture": "#4"},
				"east": {"uv": [10.5, 12, 10.75, 12.5], "texture": "#4"},
				"south": {"uv": [12, 10.5, 12.25, 11], "texture": "#4"},
				"west": {"uv": [11, 12, 11.25, 12.5], "texture": "#4"},
				"up": {"uv": [13.25, 4.25, 13, 4], "texture": "#4"},
				"down": {"uv": [13.25, 4.5, 13, 4.75], "texture": "#4"}
			}
		},
		{
			"name": "chain-3",
			"from": [8.3, 3.4, 11.2],
			"to": [8.8, 4.2, 11.7],
			"rotation": {"angle": 0, "axis": "y", "origin": [0, -4, 0]},
			"faces": {
				"north": {"uv": [12, 9, 12.25, 9.5], "texture": "#4"},
				"east": {"uv": [9.5, 12, 9.75, 12.5], "texture": "#4"},
				"south": {"uv": [12, 9.5, 12.25, 10], "texture": "#4"},
				"west": {"uv": [10, 12, 10.25, 12.5], "texture": "#4"},
				"up": {"uv": [13.25, 3.25, 13, 3], "texture": "#4"},
				"down": {"uv": [13.25, 3.5, 13, 3.75], "texture": "#4"}
			}
		},
		{
			"name": "chain-3",
			"from": [8.8, 3.4, 11.2],
			"to": [9.4, 3.9, 11.7],
			"rotation": {"angle": 0, "axis": "y", "origin": [0, -4, 0]},
			"faces": {
				"north": {"uv": [1.5, 13, 1.75, 13.25], "texture": "#4"},
				"east": {"uv": [13, 1.5, 13.25, 1.75], "texture": "#4"},
				"south": {"uv": [2, 13, 2.25, 13.25], "texture": "#4"},
				"west": {"uv": [13, 2, 13.25, 2.25], "texture": "#4"},
				"up": {"uv": [2.75, 13.25, 2.5, 13], "texture": "#4"},
				"down": {"uv": [13.25, 2.5, 13, 2.75], "texture": "#4"}
			}
		},
		{
			"name": "chain-3",
			"from": [8.3, 6.2, 11.2],
			"to": [8.8, 7, 11.7],
			"rotation": {"angle": 0, "axis": "y", "origin": [0, -4, 0]},
			"faces": {
				"north": {"uv": [12, 7, 12.25, 7.5], "texture": "#4"},
				"east": {"uv": [7.5, 12, 7.75, 12.5], "texture": "#4"},
				"south": {"uv": [12, 7.5, 12.25, 8], "texture": "#4"},
				"west": {"uv": [8, 12, 8.25, 12.5], "texture": "#4"},
				"up": {"uv": [13.25, 0.25, 13, 0], "texture": "#4"},
				"down": {"uv": [13.25, 0.5, 13, 0.75], "texture": "#4"}
			}
		},
		{
			"name": "chain-3",
			"from": [9.4, 6.2, 11.2],
			"to": [9.9, 7, 11.7],
			"rotation": {"angle": 0, "axis": "y", "origin": [0, -4, 0]},
			"faces": {
				"north": {"uv": [12, 8, 12.25, 8.5], "texture": "#4"},
				"east": {"uv": [8.5, 12, 8.75, 12.5], "texture": "#4"},
				"south": {"uv": [12, 8.5, 12.25, 9], "texture": "#4"},
				"west": {"uv": [9, 12, 9.25, 12.5], "texture": "#4"},
				"up": {"uv": [1.25, 13.25, 1, 13], "texture": "#4"},
				"down": {"uv": [13.25, 1, 13, 1.25], "texture": "#4"}
			}
		},
		{
			"name": "lock-1",
			"from": [8.3, 4.2, 11],
			"to": [9.9, 6.2, 11.8],
			"faces": {
				"north": {"uv": [7.5, 10, 8.25, 11], "texture": "#4"},
				"east": {"uv": [9.5, 10, 10, 11], "texture": "#4"},
				"south": {"uv": [8.5, 10, 9.25, 11], "texture": "#4"},
				"west": {"uv": [10, 10, 10.5, 11], "texture": "#4"},
				"up": {"uv": [11.25, 5.5, 10.5, 5], "texture": "#4"},
				"down": {"uv": [11.25, 5.5, 10.5, 6], "texture": "#4"}
			}
		}
	],
	"display": {
		"thirdperson_righthand": {
			"rotation": [0, -180, 0],
			"translation": [1.25, 1.25, -0.75]
		},
		"thirdperson_lefthand": {
			"rotation": [0, 180, 0],
			"translation": [-1.25, 1.25, -0.75]
		},
		"firstperson_righthand": {
			"rotation": [0, 40, 0],
			"translation": [0, 5, 0]
		},
		"firstperson_lefthand": {
			"rotation": [0, 40, 0],
			"translation": [0, 5, 0]
		},
		"ground": {
			"rotation": [85, -50, 85],
			"translation": [0, 4, 0]
		},
		"gui": {
			"rotation": [-90, 130, 90],
			"translation": [2.5, 3, 0],
			"scale": [1.2, 1.2, 1.2]
		},
		"head": {
			"rotation": [90, 90, 90],
			"translation": [0.25, 8.5, -1.5]
		},
		"fixed": {
			"rotation": [85, -50, 85],
			"translation": [-3.25, 3.5, -1.5],
			"scale": [1.5, 1.5, 1.5]
		}
	},
	"groups": [
		0,
		1,
		2,
		3,
		{
			"name": "group",
			"origin": [0, 0, 0],
			"color": 0,
			"children": [
				{
					"name": "chain_right_1",
					"origin": [0, 0, 0],
					"color": 0,
					"children": [
						4,
						5,
						6,
						7,
						8,
						9,
						10,
						{
							"name": "chain_right_1",
							"origin": [0, 0, 0],
							"color": 0,
							"children": [
								11,
								12,
								13,
								14,
								15,
								16,
								17,
								{
									"name": "chain_right_1",
									"origin": [0, 0, 0],
									"color": 0,
									"children": [18, 19, 20, 21, 22, 23, 24]
								}
							]
						}
					]
				},
				{
					"name": "chain_left_2",
					"origin": [0, 0, 0],
					"color": 0,
					"children": [
						25,
						26,
						27,
						28,
						29,
						30,
						31,
						{
							"name": "chain_left_1",
							"origin": [0, 0, 0],
							"color": 0,
							"children": [32, 33, 34, 35, 36, 37, 38]
						}
					]
				},
				{
					"name": "chain_back_1",
					"origin": [0, 0, 0],
					"color": 0,
					"children": [
						39,
						40,
						41,
						42,
						{
							"name": "chain_back_1",
							"origin": [0, 0, 0],
							"color": 0,
							"children": [43, 44, 45, 46]
						}
					]
				},
				{
					"name": "chain_front_1",
					"origin": [0, 0, 0],
					"color": 0,
					"children": [
						47,
						48,
						49,
						50,
						{
							"name": "lock",
							"origin": [0, 0, 0],
							"color": 0,
							"children": [51, 52, 53, 54, 55, 56, 57]
						}
					]
				}
			]
		}
	]
}