{
	"credit": "Made with Blockbench",
	"texture_size": [32, 32],
	"textures": {
		"2": "irons_spellbooks:item/rotten_spell_book",
		"particle": "irons_spellbooks:item/rotten_spell_book"
	},
	"elements": [
		{
			"name": "book cover",
			"from": [8, 5, 5],
			"to": [8.2, 9, 11],
			"faces": {
				"north": {"uv": [10, 5, 10.25, 7], "texture": "#2"},
				"east": {"uv": [0, 5, 3, 7], "texture": "#2"},
				"south": {"uv": [6, 10, 6.25, 12], "texture": "#2"},
				"west": {"uv": [3, 5, 6, 7], "texture": "#2"},
				"up": {"uv": [8.25, 12.5, 8, 9.5], "texture": "#2"},
				"down": {"uv": [8.75, 9.5, 8.5, 12.5], "texture": "#2"}
			}
		},
		{
			"name": "book cover",
			"from": [8, 3, 5],
			"to": [8.2, 5, 9],
			"faces": {
				"north": {"uv": [7.5, 11, 7.75, 12], "texture": "#2"},
				"east": {"uv": [6.5, 3, 8.5, 4], "texture": "#2"},
				"south": {"uv": [11, 7.5, 11.25, 8.5], "texture": "#2"},
				"west": {"uv": [6.5, 4, 8.5, 5], "texture": "#2"},
				"up": {"uv": [6.75, 12, 6.5, 10], "texture": "#2"},
				"down": {"uv": [10.25, 7, 10, 9], "texture": "#2"}
			}
		},
		{
			"name": "book cover",
			"from": [8, 4, 10],
			"to": [8.2, 5, 11],
			"faces": {
				"north": {"uv": [12, 4.5, 12.25, 5], "texture": "#2"},
				"east": {"uv": [10.5, 3.5, 11, 4], "texture": "#2"},
				"south": {"uv": [12, 5, 12.25, 5.5], "texture": "#2"},
				"west": {"uv": [9.5, 11, 10, 11.5], "texture": "#2"},
				"up": {"uv": [5.75, 12.5, 5.5, 12], "texture": "#2"},
				"down": {"uv": [12.25, 5.5, 12, 6], "texture": "#2"}
			}
		},
		{
			"name": "book cover",
			"from": [8, 9, 5],
			"to": [8.2, 10, 9.5],
			"faces": {
				"north": {"uv": [9.5, 12, 9.75, 12.5], "texture": "#2"},
				"east": {"uv": [2.5, 9.5, 4.75, 10], "texture": "#2"},
				"south": {"uv": [12, 9.5, 12.25, 10], "texture": "#2"},
				"west": {"uv": [10, 0, 12.25, 0.5], "texture": "#2"},
				"up": {"uv": [3.25, 12.25, 3, 10], "texture": "#2"},
				"down": {"uv": [3.75, 10, 3.5, 12.25], "texture": "#2"}
			}
		},
		{
			"name": "book cover",
			"from": [8, 1, 5],
			"to": [8.2, 3, 8],
			"faces": {
				"north": {"uv": [9, 11, 9.25, 12], "texture": "#2"},
				"east": {"uv": [8.5, 0, 10, 1], "texture": "#2"},
				"south": {"uv": [11, 9, 11.25, 10], "texture": "#2"},
				"west": {"uv": [8.5, 1, 10, 2], "texture": "#2"},
				"up": {"uv": [10.75, 8.5, 10.5, 7], "texture": "#2"},
				"down": {"uv": [10.75, 10, 10.5, 11.5], "texture": "#2"}
			}
		},
		{
			"name": "book cover",
			"from": [8, 0.5, 6],
			"to": [8.2, 1, 8],
			"faces": {
				"north": {"uv": [12, 12, 12.25, 12.25], "texture": "#2"},
				"east": {"uv": [11, 10, 12, 10.25], "texture": "#2"},
				"south": {"uv": [0, 12.5, 0.25, 12.75], "texture": "#2"},
				"west": {"uv": [11, 10.5, 12, 10.75], "texture": "#2"},
				"up": {"uv": [10.25, 12, 10, 11], "texture": "#2"},
				"down": {"uv": [11.25, 11, 11, 12], "texture": "#2"}
			}
		},
		{
			"name": "book cover",
			"from": [9.5, 5, 5],
			"to": [9.7, 10, 10],
			"faces": {
				"north": {"uv": [1, 10, 1.25, 12.5], "texture": "#2"},
				"east": {"uv": [0, 0, 2.5, 2.5], "texture": "#2"},
				"south": {"uv": [1.5, 10, 1.75, 12.5], "texture": "#2"},
				"west": {"uv": [0, 2.5, 2.5, 5], "texture": "#2"},
				"up": {"uv": [10.25, 4, 10, 1.5], "texture": "#2"},
				"down": {"uv": [2.75, 10, 2.5, 12.5], "texture": "#2"}
			}
		},
		{
			"name": "book cover",
			"from": [9.5, 4, 9],
			"to": [9.7, 5, 11],
			"faces": {
				"north": {"uv": [6, 12, 6.25, 12.5], "texture": "#2"},
				"east": {"uv": [10, 9, 11, 9.5], "texture": "#2"},
				"south": {"uv": [12, 6, 12.25, 6.5], "texture": "#2"},
				"west": {"uv": [10, 9.5, 11, 10], "texture": "#2"},
				"up": {"uv": [0.25, 12.5, 0, 11.5], "texture": "#2"},
				"down": {"uv": [0.75, 11.5, 0.5, 12.5], "texture": "#2"}
			}
		},
		{
			"name": "book cover",
			"from": [9.5, 4, 8],
			"to": [9.7, 5, 9],
			"faces": {
				"north": {"uv": [12, 8, 12.25, 8.5], "texture": "#2"},
				"east": {"uv": [11.5, 8, 12, 8.5], "texture": "#2"},
				"south": {"uv": [12, 8.5, 12.25, 9], "texture": "#2"},
				"west": {"uv": [11.5, 8.5, 12, 9], "texture": "#2"},
				"up": {"uv": [9.25, 12.5, 9, 12], "texture": "#2"},
				"down": {"uv": [12.25, 9, 12, 9.5], "texture": "#2"}
			}
		},
		{
			"name": "book cover",
			"from": [9.5, 2, 9],
			"to": [9.7, 4, 10],
			"faces": {
				"north": {"uv": [11.5, 4.5, 11.75, 5.5], "texture": "#2"},
				"east": {"uv": [10, 10, 10.5, 11], "texture": "#2"},
				"south": {"uv": [11.5, 5.5, 11.75, 6.5], "texture": "#2"},
				"west": {"uv": [10.5, 1.5, 11, 2.5], "texture": "#2"},
				"up": {"uv": [6.75, 12.5, 6.5, 12], "texture": "#2"},
				"down": {"uv": [12.25, 6.5, 12, 7], "texture": "#2"}
			}
		},
		{
			"name": "book cover",
			"from": [9.5, 7, 10],
			"to": [9.7, 10, 11],
			"faces": {
				"north": {"uv": [4.5, 11, 4.75, 12.5], "texture": "#2"},
				"east": {"uv": [0, 10, 0.5, 11.5], "texture": "#2"},
				"south": {"uv": [5, 11, 5.25, 12.5], "texture": "#2"},
				"west": {"uv": [0.5, 10, 1, 11.5], "texture": "#2"},
				"up": {"uv": [10.25, 12.5, 10, 12], "texture": "#2"},
				"down": {"uv": [12.25, 10, 12, 10.5], "texture": "#2"}
			}
		},
		{
			"name": "book cover",
			"from": [9.5, 2, 5],
			"to": [9.7, 5, 7],
			"faces": {
				"north": {"uv": [11, 3.5, 11.25, 5], "texture": "#2"},
				"east": {"uv": [8.5, 2, 9.5, 3.5], "texture": "#2"},
				"south": {"uv": [4, 11, 4.25, 12.5], "texture": "#2"},
				"west": {"uv": [8.5, 3.5, 9.5, 5], "texture": "#2"},
				"up": {"uv": [11.75, 3.5, 11.5, 2.5], "texture": "#2"},
				"down": {"uv": [11.75, 3.5, 11.5, 4.5], "texture": "#2"}
			}
		},
		{
			"name": "book cover",
			"from": [9.5, 1, 5],
			"to": [9.7, 2, 6],
			"faces": {
				"north": {"uv": [7, 12, 7.25, 12.5], "texture": "#2"},
				"east": {"uv": [11.5, 6.5, 12, 7], "texture": "#2"},
				"south": {"uv": [12, 7, 12.25, 7.5], "texture": "#2"},
				"west": {"uv": [11.5, 7.5, 12, 8], "texture": "#2"},
				"up": {"uv": [7.75, 12.5, 7.5, 12], "texture": "#2"},
				"down": {"uv": [12.25, 7.5, 12, 8], "texture": "#2"}
			}
		},
		{
			"name": "mid",
			"from": [8.2, 0, 5],
			"to": [9.5, 10, 5.3],
			"faces": {
				"north": {"uv": [5.5, 0, 6.25, 5], "texture": "#2"},
				"east": {"uv": [2, 9.5, 2.25, 14.5], "texture": "#2"},
				"south": {"uv": [6, 5, 6.75, 10], "texture": "#2"},
				"west": {"uv": [9.5, 2, 9.75, 7], "texture": "#2"},
				"up": {"uv": [12.75, 1.75, 12, 1.5], "texture": "#2"},
				"down": {"uv": [12.75, 2, 12, 2.25], "texture": "#2"}
			}
		},
		{
			"name": "paper",
			"from": [8.2, 4.2, 5.3],
			"to": [9.5, 8.8, 10.8],
			"faces": {
				"north": {"uv": [2, 7, 2.75, 9.25], "texture": "#2"},
				"east": {"uv": [2.5, 0, 5.25, 2.25], "texture": "#2"},
				"south": {"uv": [3, 7, 3.75, 9.25], "texture": "#2"},
				"west": {"uv": [2.5, 2.5, 5.25, 4.75], "texture": "#2"},
				"up": {"uv": [0.75, 9.75, 0, 7], "texture": "#2"},
				"down": {"uv": [1.75, 7, 1, 9.75], "texture": "#2"}
			}
		},
		{
			"name": "paper",
			"from": [8.2, 2.6, 5.3],
			"to": [9.5, 4.2, 9.8],
			"faces": {
				"north": {"uv": [4, 10, 4.75, 10.75], "texture": "#2"},
				"east": {"uv": [7, 5, 9.25, 5.75], "texture": "#2"},
				"south": {"uv": [10, 4, 10.75, 4.75], "texture": "#2"},
				"west": {"uv": [7, 6, 9.25, 6.75], "texture": "#2"},
				"up": {"uv": [4.75, 9.25, 4, 7], "texture": "#2"},
				"down": {"uv": [5.75, 7, 5, 9.25], "texture": "#2"}
			}
		},
		{
			"name": "paper",
			"from": [8.2, 0.2, 5.3],
			"to": [9.5, 2.6, 8.8],
			"faces": {
				"north": {"uv": [5, 9.5, 5.75, 10.75], "texture": "#2"},
				"east": {"uv": [6.5, 0, 8.25, 1.25], "texture": "#2"},
				"south": {"uv": [7, 9.5, 7.75, 10.75], "texture": "#2"},
				"west": {"uv": [6.5, 1.5, 8.25, 2.75], "texture": "#2"},
				"up": {"uv": [9.75, 8.75, 9, 7], "texture": "#2"},
				"down": {"uv": [9.75, 9, 9, 10.75], "texture": "#2"}
			}
		},
		{
			"name": "paper",
			"from": [8.2, 8.8, 5.3],
			"to": [9.5, 9.8, 9.8],
			"faces": {
				"north": {"uv": [11, 2, 11.75, 2.5], "texture": "#2"},
				"east": {"uv": [10, 0.5, 12.25, 1], "texture": "#2"},
				"south": {"uv": [11, 7, 11.75, 7.5], "texture": "#2"},
				"west": {"uv": [10, 1, 12.25, 1.5], "texture": "#2"},
				"up": {"uv": [7.75, 9.25, 7, 7], "texture": "#2"},
				"down": {"uv": [8.75, 7, 8, 9.25], "texture": "#2"}
			}
		},
		{
			"name": "paper",
			"from": [8.2, 8.8, 9.8],
			"to": [9.3, 9.5, 10.6],
			"faces": {
				"north": {"uv": [11, 12, 11.5, 12.25], "texture": "#2"},
				"east": {"uv": [12, 11, 12.5, 11.25], "texture": "#2"},
				"south": {"uv": [11.5, 12, 12, 12.25], "texture": "#2"},
				"west": {"uv": [12, 11.5, 12.5, 11.75], "texture": "#2"},
				"up": {"uv": [12, 11.5, 11.5, 11], "texture": "#2"},
				"down": {"uv": [12, 11.5, 11.5, 12], "texture": "#2"}
			}
		},
		{
			"name": "paper",
			"from": [8.2, 1.4, 8.8],
			"to": [9, 2.6, 10.3],
			"faces": {
				"north": {"uv": [11.5, 9, 12, 9.5], "texture": "#2"},
				"east": {"uv": [10.5, 8.5, 11.25, 9], "texture": "#2"},
				"south": {"uv": [9.5, 11.5, 10, 12], "texture": "#2"},
				"west": {"uv": [11, 1.5, 11.75, 2], "texture": "#2"},
				"up": {"uv": [11.5, 5.75, 11, 5], "texture": "#2"},
				"down": {"uv": [6, 11, 5.5, 11.75], "texture": "#2"}
			}
		},
		{
			"name": "paper",
			"from": [8.5, 0.2, 8.8],
			"to": [9.3, 1.4, 10.6],
			"faces": {
				"north": {"uv": [11.5, 9.5, 12, 10], "texture": "#2"},
				"east": {"uv": [10.5, 2.5, 11.5, 3], "texture": "#2"},
				"south": {"uv": [10.5, 11.5, 11, 12], "texture": "#2"},
				"west": {"uv": [10.5, 3, 11.5, 3.5], "texture": "#2"},
				"up": {"uv": [11, 6, 10.5, 5], "texture": "#2"},
				"down": {"uv": [11, 6, 10.5, 7], "texture": "#2"}
			}
		},
		{
			"name": "paper",
			"from": [8.4, 2.6, 9.8],
			"to": [9.2, 4.2, 10.5],
			"faces": {
				"north": {"uv": [11, 6, 11.5, 6.75], "texture": "#2"},
				"east": {"uv": [12, 2.5, 12.25, 3.25], "texture": "#2"},
				"south": {"uv": [7, 11, 7.5, 11.75], "texture": "#2"},
				"west": {"uv": [12, 3.5, 12.25, 4.25], "texture": "#2"},
				"up": {"uv": [11, 12.25, 10.5, 12], "texture": "#2"},
				"down": {"uv": [12.5, 10.5, 12, 10.75], "texture": "#2"}
			}
		}
	],
	"display": {
		"thirdperson_righthand": {
			"rotation": [0, -180, 0],
			"translation": [1.25, 1.25, -0.75]
		},
		"thirdperson_lefthand": {
			"rotation": [0, 180, 0],
			"translation": [-1.25, 1.25, -0.75]
		},
		"firstperson_righthand": {
			"rotation": [0, 40, 0],
			"translation": [0, 5, 0]
		},
		"firstperson_lefthand": {
			"rotation": [0, 40, 0],
			"translation": [0, 5, 0]
		},
		"ground": {
			"rotation": [85, -50, 85],
			"translation": [0, 4, 0]
		},
		"gui": {
			"rotation": [-90, 130, 90],
			"translation": [2.5, 3, 0],
			"scale": [1.2, 1.2, 1.2]
		},
		"head": {
			"rotation": [90, 90, 90],
			"translation": [0.25, 8.5, -1.5]
		},
		"fixed": {
			"rotation": [85, -50, 85],
			"translation": [-3.25, 3.5, -1.5],
			"scale": [1.5, 1.5, 1.5]
		}
	},
	"groups": [
		{
			"name": "book cover1",
			"origin": [0, 0, 0],
			"color": 0,
			"children": [0, 1, 2, 3, 4, 5]
		},
		{
			"name": "book cover2",
			"origin": [0, 0, 0],
			"color": 0,
			"children": [6, 7, 8, 9, 10, 11, 12]
		},
		13,
		{
			"name": "paper",
			"origin": [0, 0, 0],
			"color": 0,
			"children": [14, 15, 16, 17, 18, 19, 20, 21]
		}
	]
}